Movie,Lyricist,Composer,Song,Year,Singers,lyric
தலைவா,நா.முத்துக்குமார்,G.V.பிரகாஷ்,தமிழா...பயணம் தொடரும,2012," பென்னிதயாள்,ஷீசே",தமிழா...பயணம் தொடரும் தலைகனமும் அடங்கும்அரங்கம் அதிரும் தருனம் அரங்கேற்றம் முடியட்டும்விடியும்பொழுது எனக்கென உதயமாகட்டும்அதிரடி நடனமும் எரிமலை வெடிக்கட்டும்புகழது பரவட்டும் தமிழா தமிழாஉயர நீ பறந்திடு தமிழா தமிழாதா... மிழா... பா... சாங்கா...அ ஆ இ ஈ உ ஊ எ ஏஐ ஒ ஓ ஓள ஃகசட தபர யரல வளழஙஞந னமண தமிழா நான்எங்கிருந்தாளும் ஓ... நாங்கஎன்ன செய்தாலும் ஓ...தமிழோடு தானே ஓ...எங்க சந்தோஷம் சங்கீதம் வா வா வாபசங்க பசங்கதமிழ் தமிழ் பசங்கபசங்க பசங்கதமிழ் தமிழ் பசங்கஇந்த பூமியை அதிரவைப்போம் பசங்கதமிழ் பசங்கதிருநெல்வேலி அல்வா தென் மதுர மல்லி பூவுசென்னை கானா பாட்டு நாங்க ரசிப்போம்காஞ்சி பட்டு சேல பசு மாடு சுத்தும் சாலைநாத்து நடும் வேளை பாட்டு படிப்போம்எங்கள் மயிலாட்டமும் கெஞ்சம் ஒயிலாட்டமும்கேவில் கரகாட்டமும் அதிரும்எங்கள் தெரு கூத்திலும்எங்கள் எசபாட்டிலும்மெல்லிசைகள் துள்ளி வரும் வா வா வாபசங்க பசங்கதமிழ் தமிழ் பசங்கபசங்க பசங்கதமிழ் தமிழ் பசங்கஇந்த பூமியை அதிரவைப்போம்நாங்க தமிழ் பசங்க(அ ஆ இ ஈ)பொஷ் மி சன் லைக்க ரெண்டு காலு குதிரஆலம் தெரியாமல் மச்சி கால நீயும் விடுரஆட்டம் போட போதும் நாம தங்கமான பசங்கபோட்டினு வாந்தா கிழிக்கும் தமிழ் பசங்கபுலியும் பதுங்கும் நம்ம தலைவனை கண்டாபோட்டிக்கு யாரு தம்பி நமக்கு இப்போ எதிராஎன் ஒவ்வோரு அசைவும் நடனம் அமைக்கும் பாரடாஊருக்குள்ள நம்மபோல செல்லபுள்ள யாருடாபூப்போல் இட்லி தோச அட முருகி வச்ச மீசகூழா குடிக்க ஆச பச்ச தமிழன்வெலுத்து வச்ச வேட்டி பல கதைகள் சொல்லும் பாட்டிகபடி கபடி போட்டி வீர தமிழன்கண்ணாமூச்சாடுவோம் ஜல்லிகட்டோடுவோம்வெற்றி கொடி நாட்டுவோம் தமிழாசங்க தமிழ் பாட்டிலும் திருக்குரல் ஏட்டிலும்முக்குலித்து மூழ்கிவிட வா வா வா(அ ஆ இ ஈ)எங்கிருந்தாளும் ஓ... நாங்கஎன்ன செய்தாலும் ஓ...தமிழோடு தானே ஓ...எங்க சந்தோஷம் சங்கீதம் வா வா வாபசங்க பசங்கதமிழ் தமிழ் பசங்கபசங்க பசங்கதமிழ் தமிழ் பசங்க
இரண்டாம் உலகம்,வைரமுத்து,ஹாரிஸ்ஜெயராஜ்,நீ போன பாதை தேடி தேட,2012,ஹரிஹரன்,நீ போன பாதை தேடி தேடி வருவேன்பனியிலே வெண் பனியிலேவின்மீன தேடி தேடி எங்கே அழைவேன்உன் இணைக் கிள்ளி வரும்வரைஒரு துணை கிளி நானடிஇதை உறவென்பதா பரிவென்பதாபெயரே இல்லாத துயரமா(மன்னவனே)வருவது வருவது வருவது துணையா சுமையாதருவது தருவது தருவது சுகமா வலியாஒரு உயிருக்கு இரு உடலாஇரு உடலுக்கும் ஒரு மனமாஎன் நெஞ்சுக்குள்ள நெஞ்சுக்குள்ள எரியுர நெனப்பிதுசொல்லித்தான் தெரியுமாஒரு வட்டத்துல வட்டத்துல தொடக்கம் முடிவெதுசொல்லத்தான் முடியுமா(ஓ... மன்னவனே)பொழிவது பொழிவது பொழிவது நிலவா வெயிலாவழியுது வழியுது வழியுது அதுவா இதுவாஓ...பொழிவது பொழிவது பொழிவது நிலவா வெயிலாவழியுது வழியுது வழியுது அதுவா இதுவாதினம் நடக்கிறேன் ஒரு திசையில்மனம் கிடக்குதே மறு திசையில்ஒரு உப்பு கல்லு உப்பு கல்லு கடலுல விழுந்ததும்உருவம் கரஞ்சதேஇந்த ஒத்த பொண்ணு ஒத்த பொண்ணு உனக்குள்ள விழுந்ததுமெத்த காத முடிஞ்சதே(ஓ... மன்னவனே)உன் இணைக் கிளி வரும்வரைஒரு துணை கிளி நானடிஇதை உறவென்பதா பரிவென்பதா
அம்பிகாபதி, வைரமுத்து, A.R.ரஹ்மான்,தூமன் சுதீ... தூமன் ,2012," A.R.ரஹ்மான்,முஹமட் ரபி",தூமன் சுதீ... தூமன் சுதீ...முன்தூ சுனொன் தூ...மன் சுதீஹேய்... சே...தூமன் சுதீ... தூமன் சுதீ...முன்தூ சுனொன் தூ...மன் சுதீமின்னல் வெட்டி பிறக்குட்டும் மாறி மின்னொலிமலரட்டும் மலரட்டும் திரந்த வெலிநியுடன் விதி அரிந்த பெண்ணேஎதிர் விணை என்னடி இழைய கண்ணே சொல்லடி...சொன்னதை செய்து முடிப்போம்செய்வதை சொல்லி கொடுப்போம்சொன்னதை செய்து முடிப்போம்தூமன் சுதீ... தூமன் சுதீ...முன்தூ சுனொன் தூ...மன் சுதீஉலகில் உள்ள சாலைகள் எல்லாம்காதல் தேசம் சேரும் என் கண்ணேகல்வியும் கூட காதலடிகாதலும் கூடு கல்வியடிஒன்றாய் மரத்தின் கிளைகள்நிழலை நிழலை குடுக்கும்பூக்கள் இங்கே பூக்கும்புன்னகை போனால் வாழ்வா இனிக்கும்தூமன் சுதீ... தூமன் சுதீ...முன்தூ சுனொன் தூ...மன் சுதீசொன்னதை செய்து முடிப்போம்செய்வதை சொல்லி கொடுப்போம்நீ இதனை தருவாய்நீ அதனை தருவாய்கண்ணை கொடு பார்வை பெருவாய்இதயம் கொடு அன்பை பெருவாய்அன்பை கொடு ஆயிரம் பெருவாய்செய்வதை சொல்லி கொடுப்போம்சொன்னதை செய்து முடிப்போம்...//செய்வதை சொல்லி கொடுப்போம்செயல் ஏதும் இல்லாமல்... சொல்லாக நில்லாதே...//இன்று நம்... விரல்கள் நடுவேஇடைவெளி எதற்கு எதற்குஇன்னொரு கை கோர்த்து இணைவதர்க்குமதி பாதி... விதி பாதிஇது தான் இயற்கை விதிமதி ஒரு சிரகு விதி ஒரு சிரகுநீல பூவில் தேன் குடிக்கும் பட்டாம்பூச்சிநீயும் நானும்தூமன் சுதீ... தூமன் சுதீ...முன்தூ சுனொன் தூ...மன் சுதீதூமன் சுதீ... தூமன் சுதீ...முன்தூ சுனொன் தூ...மன் சுதீ(தூமன் சுதீ... )
இரண்டாம் உலகம்,வைரமுத்து,ஹாரிஸ்ஜெயராஜ்,விண்ணை தாண்டி அன்பே ,2012,விஜய் பிரகாஷ்  ,விண்ணை தாண்டி அன்பே வந்தாய் என்னுல் நடுக்கமாஉன்னால் நின்ற இதயம் ஒன்று மீண்டும் துடிக்குமாமறைந்தது அங்கே... மலர்ந்தது இங்கே மாயமா மாயமாசொல் நடந்தது பொய்யா... நடப்பது பொய்யா காதலே நியாயமாஎன் காதல் நிலா தன் கை வீசுதோஎன் ஆகாயம் ரெண்டாக தெரிகிறதோ...நியா... நியா... நியா சொல்லு நியே நியாமெய்யா... பொய்யா... கண்ணில் மின்னும் காதல் பொய்யாநியா... நியா... நியா சொல்லு நியே நியாமெய்யா... பொய்யா... கண்ணில் மின்னும் காதல் பொய்யாஅந்த பனிகண்கள் பொங்கும் மொழி பார்வைஎன்னை கொல்லாமல் கொல்லுதடிஇது நிஜம் தானா இல்லை நிழல் தானாஎன்ன வினோதம் மின்னுதடிஉன்னை மருத்த பின்னும் என்னம் வாழ்கின்றதே வாழ்வே மாயமாகண்ணை திரந்த படி இன்னும் கனவுகளா எல்லாம் சொகமாகருகிய நெஞ்சில் பெருகிய கண்ணீர் காதலை மீட்குமாநான் கனவிலும் இல்லை நினைவிலும் இல்லை காதலே நியாயமாவிண்ணை தாண்டி அன்பே வந்தாய் என்னுல் நடுக்கமாஉன்னால் நின்ற இதயம் ஒன்று மீண்டும் துடிக்குமாஇது புது லோகம் அது புது வானம்அங்கு நிலாக்கள் ரெண்டு உண்டுஇவள் அவள் தானா அவள் இவள் தானாஎன்று வினாக்கள் நெஞ்சில் உண்டுபிசிர் அழுதாலும் உன் தசை எரிந்தாலும் ஆன்மா அழியுமாஎந்தன் பேர் என்ன எந்தன் உறவென்ன இவள் உள்ளம் அரியுமாகாதல் உண்மை என்றால்வானும் மண்ணும் மாரும் காதலே கடவுளாஓ... காதல் உண்மை என்றால்வானும் மண்ணும் மாரும் காதலே கடவுளாநியா... நியா... நியா சொல்லு நியே நியாமெய்யா... பொய்யா... கண்ணில் மின்னும் காதல் பொய்யாநியா... நியா... நியா சொல்லு நியே நியாமெய்யா... பொய்யா... கண்ணில் மின்னும் காதல் பொய்யா(விண்ணை)என் காதல் நிலா தன் கை வீசுதோ
 இரண்டாம் உலகம்,வைரமுத்து,ஹாரிஸ்ஜெயராஜ்,ஒரு தீக்கோழி தீக்கோழ,2012,ஹரிஹரன்,ஒரு தீக்கோழி தீக்கோழி ஆவேன் பெண்ணேதிக்காடு நான் தோடி போவேன் முன்னேஅடி சாக்காடு பூக்காடு ஆகும் கண்ணேஅடி ஒத்தைக்கு ஒத்த... ஒரு யுத்தம் பாரு...இனி எட்டுத்திக்கும்... எடம் மாரும் பாரு...ஒரு மலருக்காக ஆறேழு மலைய பேப்பேனேஎன் மனசுக்குள்ள நீதானே மானேஒரு பறவைக்காக ஏழு ஏழு காட கடப்பேனேஎன் உசுருக்குள்ளே நீதானே தேனே...( ஓ... ராக்கோழி)வெறி கொண்ட நடை நடந்தால்இந்த பூமி பொடி படுமேஅழகி என் பெயரை சொன்னால்அந்த ஆறு வழி விடுமேஎன் காலடி மிதி படும் கல்லு வெளிச்சத்துல்கார் இருல் சிதருமடிநான் வண்ணக்காட்டில் ஒத்தையில போறேன்டிஉன் வயசுக்கு பதில் சொல்ல வாரேன்டிஹேய் கார்த்திக வெயிலே காத்திரு குயிலேஉசுர போக்கி உசுரோட வருவேன்(ராக்கோழி)குமரிக்கு தாலி செய்யஅவன் பல்ல நான் உடைப்பேன்குழந்தைக்கு தூளு கட்டஅவன் தோல நான் உரிப்போன்அந்த இளய கன்னிக்கு கூந்தல் வாருவேன்எழும்பில் சீப்பெடுப்பேன்இங்க வரும் போது எட்டு வச்சு வந்தேனடிநான் போகும் போதும் மேகம் பேலே போவேன்டிஎன் இடையே மழையே புயலே வெயிலேமன்னவன் வருகையை முன்னமே சொல்லு(ராக்கோழி)அடி ஒத்தைக்கு ஒத்த... ஒரு யுத்தம் பாரு...
எதிர்நீச்சல்,வாலி,அனிருத் ரவிசந்தர்,மச்சான் தூளுஸ்பீட் ஸ,2012,யோ யோ ஹனி சிங்,"மச்சான் தூளுஸ்பீட் ஸ்பீட் ஸ்பீட் வேணும்ஸ்பீட் காட்டி போடா நீலேட் லேட் லேட் இல்லாமலேடஸ்ட் ஆக வாடா நீதக்கிட தக்கிட திமி தாளம் தான்தோம் தரிகிட மேளம் தான்தக்கிட தக்கிட திமி தாளம் தான்தோம் தரிகிட மேளம் தான்(ஸ்பீட்)ஹே... ஹூ இஸ் திஸ் ஹனிஹே... ஹூ இஸ் திஸ் ஹனிஹே... ஹூ இஸ் திஸ்...ஹே... ஹூ இஸ் திஸ்...ஹே... ஹூ இஸ் திஸ்... ஹனிஹே... ஹூ...//////ஹூ இஸ் திஸ்... ஹனி சிங்ஹ... உங்க ஆயா...அ ஹா ஆடவா.../////// ஒன் த floorநாளை இன்றும் நம் கையில் இல்லைநாம் யாரும் வேனின் பொம்மைகளேஎன்றால் கூட போரடு நண்பாஎன்றைக்கும் தோற்காது உண்மைகளேவிசை boat-ஐ போல் நில்லாமல் ஓடுபழடன தேடி வரும்உந்தன் வாழ்வும் ஓர் ஒலிப்பிக்கை போலேவேர்வை வெற்றி தரும்நாங்கள் ரிசியம் இல்லைஓர் சியில் சொன்னோம்புடிச்ச புடி டாஎதிர் நீச்சல் அடி என்று ஏத்து கொடிஅட ஜொலி நம்ம வழிமச்சான் தூளுஎதிர் நீச்சல் அடி என்று ஏத்து கொடிஅட ஜொலி ஹ வாழி சொன்ன படிஎதிர் நீச்சல் அடி என்று ஏத்து கொடிஅட ஜொலி ஹ வாழி சொன்ன படிஹேய் வாடா மச்சி அடிச்சு பாக்கலாம் எதிர் நீச்சல்யோ யோ ஹனி சிங் ஹேய் ஹ ஹ...ஜஏம் கேய்ங் டவூன் பேபிடீப் டவுன் டு த சவ்த்ஒன்னு, ரெண்டு, மூனுஉட்டாலே அப்னா போனுபஜ்ரே ராஹி தேரே பேடி கொலவேரி டிவுனுகசழஅ மும்மை டு மேரினஅசின் சி லே கி கரீனாசப் கி பிபிஎம் தி பிங்ஹேய் ஹூ இஸ் திஸ்ஹிப் ஹொப் தமிழா...வெல் கம் டு சென்னைஎங்க ஊரு இந்த ஊருகுள்ளநாங்க தாருமாருfirst-u வாத்தியாருஅவர் சூப்பஸ்டாருகவிதைக்கு யாரு பாரதியாருஇங்லிஷ் படதுல திஸ் இஸ் ஸ்பர்டாஇது தமிழ் படம் அதனால அட்ரவங்கஎங்ககிட்ட வச்சு கிட்டா அவளவு தான்இங்கிஷ்பேசுனாலும் தமிழன் டாஜோர் லகாதி ஹாய்...///ஜோர் லகாதி ஹாயமச்சி அ யு ரெடியா(ஜோர்...//)மச்சி அ யு ரெடியாஎதிர் நீச்சல் அடி என்று ஏத்து கொடிஅட ஜொலி நம்ம வழிஎதிர் நீச்சல் அடி என்று ஏத்து கொடிஅட ஜொலி ஹ வாழி சொன்ன படிஎதிர் நீச்சல் அடி என்று ஏத்து கொடிஅட ஜொலி ஹ வாழி சொன்ன படிஎதிர் நீச்சல் அடி என்று ஏத்து கொடிஅட ஜொலி ஹ வாழி சொன்ன படிஎதிர் நீச்சல் அடி என்று ஏத்து கொடிஅட ஜொலி ஹ வாழி சொன்ன படி"
எதிர்நீச்சல்,தனுஷ்,அனிருத் ரவிசந்தர்,நினைவெல்லாம் கனவா போ,2012,தனுஷ்,நினைவெல்லாம் கனவா போச்சு கண்ணே உன்னாலேநிறை மாத நிலவை காணும்பெண்ணே உன்னாலே பெண்ணே உன்னாலே(நிஜமெல்லாம்)ஏ... பார்க்காதே பார்க்கதே பெண்ணே போதும்பாரங்கள் தாங்காதே பெண்ணே போதும்மோதல்கள் தகராது பெண்ணே போதும்பெண்ணே போதும்ஊரேல்லாம் ஒன்னாக சேருதம்மாநான் மட்டும் ஏன் ஓரம்யேதேதோ நெஞ்சுக்குல் வச்சிருக்க நான் வாரேமாகூடாத என் என்னங்கள் கூடுதம்மாதாங்காத என் கூடு மாவந்தாலும் சேத்தாலும் கேட்காதுமா என் பேரமாஒ விட்டில் பூச்சு விளக்க சுடுதுவேவரம் புரியாம விளக்கும் அழுதுஎன் பந்தாவை பாக்காத பெண்ணே போதும்பாரங்கள் தாங்காது பெண்ணே போதும்போதைகள் தகராது பெண்ணே போதும்நெஞ்சம் எல்லாம் மரந்து போச்சுநிரை மாதம் நிலவை காணம்பெண்ணே உன்னாலே...
சமர்,நா.முத்துக்குமார்,யுவன்சங்கர்ராஜா,அழகோ அழகுஅவள் கண்ணழக,2012,நரேஷ் ஐயர்,அழகோ அழகுஅவள் கண்ணழகுஅவள் போல் இல்லை ஒரு பேரழகுஅழகோ அழகுஅவள் பேச்சழகுஅருகில் எரிக்கும் அவள் மூச்சழகுஅழகோ அழகுஅவள் கண்ணழகுஅவள் போல் இல்லை ஒரு பேரழகுஅழகோ அழகுஅவள் பேச்சழகுஅருகில் எரிக்கும் அவள் மூச்சழகுதத்தி நடக்கும் அவள் நடையழகுபத்தி எரியும் அவள் உடையழகுஅய்யய்யோ ’சிக்’கென நடக்கும்அய்யய்யோ ஓவியம் அவளோஅய்யய்யோ சக்கரை தடவிஅய்யய்யோ செஞ்சது உடலோஅழகோ அழகுஅழகோ அழகுஎந்த பூவிலிருந்து வந்ததிந்த தேனோஎன்று எண்ணி வியக்கும் இதழ் அழகுஅந்தியிலே வானம் சிவந்ததை போலேகன்னம் எங்கும் தோன்றும் வெட்கம் அழகுமெல்லிடையை பற்றி சொல்லாஇல்லாத அழகுகீழே கொஞ்சம் பார்க்க சொல்லாபொல்லாத அழகுகடவுள் கவிதை ஒன்றை படைத்தது என்ன சொல்லவோ…காட்டருவி போலே அலை அலையாககண்டபடி ஓடும் குழல் அழகுகண்ணிரண்டில் வலையை பிண்ணி பிண்ணி வீசிநெஞ்சம் அதை பறிக்கும் செயல் அழகுதெற்றுப் பல்லில் சிரிக்கையில்தீராத அழகுகண்ணிரண்டு யோசிக்கையில்வேரேதோ அழகுகடவுள் கவிதை ஒன்றை படைத்தது என்ன சொல்லவோ…அழகோ அழகுஅவள் கண்ணழகுஅவள் போல் இல்லை ஒரு பேரழகுஅழகோ அழகுஅவள் பேச்சழகுஅருகில் எரிக்கும் அவள் மூச்சழகுதத்தி நடக்கும் அவள் நடையழகுபத்தி எரியும் அவள் உடையழகுஅய்யய்யோ ’சிக்’கென நடக்கும்அய்யய்யோ ஓவியம் அவளோஅய்யய்யோ சக்கரை தடவிஅய்யய்யோ செஞ்சது உடலோஅய்யய்யோஅய்யய்யோஅய்யய்யோஅய்யய்யோ
கடல்,மதன் கார்க்கி,A.R.ரஹ்மான்,அன்பின் வாசலே...எம்ம,2012,ஹரிச்சரண் ,"அன்பின் வாசலே...எம்மை நாளும் ஆளும் உருவே மீண்டும்கண்டோம்வாழும் காலம் முழுதும் உனதே என்போம்நாலங்கள் ஊடே உனதண்பின் பெரு வெள்ளம்மீண்டும் நீ உயிர்த்து எழுகிறாய்நீயே எமதன்னமாக...உணர்ந்தோம் மெய் மறந்தோம்நீயே நிரைந்தாய் மனம்விரித்தோம் ஆசை ஏசுவேமீண்டும் உன்னை தரிசித்தோம்உன் பாதம் ஸ்பரிசித்தோம்உன்னில் எம்மை கரைக்கிறோம்ஹோ... வான், மண், நீ, தீ எல்லாம் நீ தானேசீற்றம், ஆற்றம், காற்றும் நீ தானேமீண்டும் உன்னை தரிசித்தோம்உன் பாதம் ஸ்பரிசித்தோம்உன்னில் எம்மை கரைக்கிறோம்கண்ணீர் தேக்கும் என் உள்ளதாக்கில்உன் பெயர் சொன்னால் பூ பூத்திடாதாபூவின் மேலே வண்ணம் நீதானேவேரின் கீழே ஜீவன் நீ தானேமீண்டும் உன்னை தரிசித்தோம்உன் பாதம் ஸ்பரிசித்தோம்உன்னில் எம்மை கரைக்கிறோம்அன்பின் வாசலே...எம்மை நாளும் ஆளும் உருவே மீண்டும் கண்டோம்வாழும் காலம் முழுதும் உனதே என்போம்நாலங்கள் ஊடே உனதண்பின் பெரு வெள்ளம்மீண்டும் நீ உயிர்த்து எழுகிறாய்மீண்டும் உன்னை தரிசித்தோம்உன் பாதம் ஸ்பரிசித்தோம்உன்னில் எம்மை கரைக்கிறோம்நீயே எமதன்னமாக...உணர்ந்தோம் மெய் மறந்தோம்நீயே நிரைந்தாய் மனம்விரித்தோம் ஆசை ஏசுவே"
கடல்,வைரமுத்து,A.R.ரஹ்மான்,மூங்கில் தோட்டோ மூலி,2012,அபே ஜோட்புர்கர்,மூங்கில் தோட்டோ மூலிகை வாசோநெரஞ்ச மௌனோ நீ பாடும் கீததோபௌர்ணமி இரவு பனி வீழும் காடுஒத்தையடி பாத உன் கூடு பொடி நடஇது போதும் எனக்கு இது போதுமேவேறேன்ன வேணு நீ போதுமேஇது போதும் எனக்கு இது போதுமேவேறேன்ன வேணு நீ போதுமேமூங்கில் தோட்டோ மூலிகை வாசோநெரஞ்ச மௌனோ நீ பாடும் கீததோகுளத்தாங் கரையில குளிக்கும் பறவைகசிறகு உலக்குமே துளிக தெரிக்குமேமுன் கோபம் விடுத்து முந்தானை எடுத்துநீ மெல்ல துடைக்க நான் ஒன்ன அணைக்கஇது போதும் எனக்கு இது போதுமேவேறேன்ன வேணு நீ போதுமேஇது போதும் எனக்கு இது போதுமேவேறேன்ன வேணு நீ போதுமேமரங்கள் நடுங்கும் மார்கழி எரிக்கரத்தம் ஒரையும் குளிரும் நிருத்தஉஷ்னோ யாசிக்க உடலும் இருக்கஒத்த போர்வையில இருவரும் இருக்கஇது போதும் எனக்கு இது போதுமேவேறேன்ன வேணு நீ போதுமேஇது போதும் எனக்கு இது போதுமேவேறேன்ன வேணுநீ போதுமே...மூங்கில் தோட்டோ மூலிகை வாசோநெரஞ்ச மௌனோ நீ பாடும் கீதம்பௌர்ணமி இரவு பனி வீழும் காடுஒத்தையடி பாத உன் கூடு பொடி நடஇது போதும் எனக்கு இது போதுமேவேறேன்ன வேணு நீ போதுமே
அலெக்ஸ்பாண்டியன்,விவேகா,தேவிஸ்ரீபிரசாத்  ,ஹேய் நாலு பக்கம் காட,2012,தேவிஸ்ரீபிரசாத்,"ஹேய் நாலு பக்கம் காடிருக்கு எங்கடி போவஎந்த பக்கம் ஓடினாலும் நானேஹேய் நாலு பக்கம் காடிருக்கு எங்கடி போவஎந்த பக்கம் ஓடினாலும் நானேயானை, சிங்கம், பலி பல நூறு ஜந்துக்கள்எல்லாம் எல்லாம் இங்கே என்னோட நண்பர்கள்லேசா செஞ்சபோதும் கண்ணலே ஒரு சிக்னல்உன்ன புடிச்சு தருமே என் கையில்ஹேய் நான் தான் இந்த காட்டு ராஜா நீயோ ஒரு கன்னி ரோஜாஎன்கிட்ட மாட்டிக்கிட்ட கெஞ்சினாலும் உன்ன விட மாட்டேன்ஹேய் நான் தான் இந்த காட்டு ராஜா நீயோ ஒரு கன்னி ரோஜாஎன்கிட்ட மாட்டிக்கிட்ட கெஞ்சினாலும் உன்ன விட மாட்டேன்ஹேய் நாழு பக்கம் காடிருக்கு எங்கடி போவஎந்த பக்கம் ஓடினாலும் நானேவெள்ள துரை நானே ஆயுல் சிறை நானேதப்பா நினைக்காதே வேப்பன் எழுப்பேனேசெம்மன் முடிகாரா சும்மா மெரட்டாதேஇங்லிஷ் திமிரேல்லாம் இங்க நடக்காதேஹேய் அனக்கோன்டாவ புடிச்சே நா அடக்கி வெச்ச ஆளுஅட தம்மாதுண்டு இருக்க உன்ன விடுவேனா சொல்லுயானை பெருசா இருந்தாழும் ஒரு எறும்ப கண்டு அளரும்சிறுசும் பெருச ஜெய்க்கும் தில்லு தில்லுஹேய் நான் தான் இந்த நாட்டு ராஜா நீயோ ஒரு பட்டு ரோஜாஎன்கிட்ட மாட்டிக்கிட்ட கெஞ்சினாலும் உன்ன விட மாட்டேனஹேய் நாழு பக்கம் ஆளிருக்கு எங்கடி போவஎந்த பக்கம் ஓடினாலும் நானேசின்ன முகமூடி குட்ட கருந்தாடிவெச்ச பெருங்கேடி பொலிஸ் வரும் தேடிஹேய் ஏழு மலை தாண்டி எட்டு கடல் தாண்டிஉன்னை ஒலிப்பேன்டி எவன் புடிப்பானடிஹா கூகுல் மெப்ப போட்டு அட கண்டு புடிப்பான் ரூட்டஅழுவ சோரி கேட்டு சோ இப்ப வாலாட்டுஹேய் எல் போட் இல்ல சிட்டு நா எதிழும் அப்டுடேட்டுரோங்கோ இல்ல ரைட்டு நா வெய்ட்டு வெய்ட்டுஹேய் நான் தான் கொள்ளை ராஜா நீயோ ஒரு வெள்ளை ரோஜாஎன்கிட்ட மாட்டிக்கிட்ட கெஞ்சினாலும் உன்ன விட மாட்டேன்"
விஸ்வரூபம் (),வைரமுத்து,ஷங்கர்-இஷான்-லொய்,துப்பாக்கி எங்கள் தொ,2012,கமல்ஹாசன்,துப்பாக்கி எங்கள் தொழிலேதுர்பாக்கியம் தன் வாழ்விலேஎப்போதும் சாவு நேரிலேஇப்போது வெல்வோம் போரிலேபோர்களை நாங்கள் தேர்ந்தேடுகவில்லைபோர்தான் எம்மை தேர்தெடுத்து கொண்டதுஎண்களின் கையில் ஆயுதங்கள் இல்லைஆயுதத்தின் கையில் எங்கள் உடல் உள்ளதுஊரை காக்கும் போருக்கு ஒத்திகை செய்கின்றோம்சாவே எங்கள் வாழ்வென்று சத்தியம் செய்கின்றோம்ஓட்டகமுதுகின் மேல் ஒரு சமவெளி கிடையாதுடாலர் உலகத்தில் சமதர்மம் கிடையாதுநீதி காணமல் போர்கள் ஓயாதுபூமியை தாங்க பூஜ வீரன் கேட்கின்றோம்புயலை சுவாசிக்க நுரை ஈரல் கேட்கிறோம்எக்கு திசைகளால் ஒர் இதயம் கேட்க்கிறோம்இருநூரண்டு இளமை கேட்கிறோம்துப்பாக்கி எம் தளியானையை தூங்கி திரிகின்றோம்ஓட்டகமுதுகின் மேல் ஒரு சமவெளி கிடையாதுடாலர் உலகத்தில் சமதர்மம் கிடையாதுநீதி காணமல் போர்கள் ஓயாது
விஸ்வரூபம்,கமல்ஹாசன்,ஷங்கர்-இஷான்-லொய்,உன்னைக் காணாது நான் ,2012,கமல்ஹாசன்,உன்னைக் காணாது நான் இன்று நானில்லையேவிதை இல்லாமல் வேரில்லையேஉன்னைக் காணாது நான் இன்று நானில்லையேவிதை இல்லாமல் வேரில்லையேமாயத்திருடன் கண்ணா கண்ணாகாமக் கலைஞன் கண்ணா கண்ணாமாயத்திருடன் கண்ணா கண்ணாகாமக் கலைஞன் கண்ணா கண்ணாக்ரிஷ்ணாஉன்னைக் காணாது நான் இன்று நானில்லையேவிதை இல்லாமல் வேரில்லையேஉன்னைக் காணாது நான் இன்று நானில்லையேநிதம் காண்டின்ற வான் கூட நிஜமில்லைஇதம் சேர்க்கும் கனாக் கூட சுகமல்லநீ இல்லாமல் நான் இல்லையேஉன்னைக் காணாமல்உன்னைக் காணாமல்கம்தநிஸ நித பம கம ரிகரிஸஉன்னைக் காணாமல்பெண் நெஞ்சு தடுமாறுதேவிதை இல்லாமல் வேரில்லையேநளினி மோகண ஷியாமள ரங்காதீம் தீம் க்டதகதின்னாநடன பாவ ஸ்ருதிலயகங்காக்டதகதின் தீம் தீன்னாசரிவர தூங்காது வாடும்ராதா நான் உனக்கெனராதா தான் உனக்கொருராதா தான்
அலெக்ஸ்பாண்டியன்,பா.விஜய்,தேவிஸ்ரீபிரசாத்  ,மேனே ப்யாருகியா சாவன,2012,ஜாவிட் அலி,மேனே ப்யாருகியா சாவன் சாவரியாதில்வாலே துனாலியா கதய கேட்டியாமேனே ப்யாருகியா சாவன் சாவரியாதில்வாலே துனாலியா கதய கேட்டியாரய்யா ரய்யா ரய்யா ரய்யாமேனே ஹேய் ப்யாருகியாரியா ரியா ரியா ரியாகாதலிக்க நீ வாரியாஹோய் ரய்யா ரய்யா ரய்யா ரய்யாமேனே ஹேய் ப்யாருகியாரியா ரியா ரியா ரியாகாதலிக்க நீ வாரியாஆஜா ஏ ஆஜா நீ தான்டா பொருக்கி ராஜாகுஜாவுக்கும் ராஜாவுக்கும் டூயட்டுஹேய் சோஜா சோஜா என் நெஞ்சில் வந்து சோஜாஎன் மனசு காதல் வெல்வெட்டுFilm-u கலர் Film-u என் நெஞ்சிலேஓடுது லவ் லவ் படமே ஹோய்இனிமே அடடா இனிமே லவ் படதுலநமக்கு விசிலே வருமே ஹேய்(ரய்யா)மேனே ப்யாருகியா சாவன் சாவரியாதில்வாலே துனாலியா கதய கேட்டியாஏ... நீ எனக்கு மாங்கா நா உனக்கு பூங்காலவ்... சோங்கா...அப்படியா...பக்கதுல தேங்கா பாக்குரியே ரோங்காஓ... லோங்கா...அய்யோ...சண்டி ஹே சண்டி நீ சாத்துக்குடி மண்டிஜூசு கட உன்ன கண்டு ஏங்குதுரெண்டி ஏ ரெண்டி நீ ராயபுரம் வண்டிஉன்ன தொட்டா உச்சி ஊருது...(Film-u கலர் )ஹேய் இனிமே அடடா இனிமே லவ் படதுலநமக்கு விசிலே வருமேகாரக்குடி தாண்டி கட்டும் சேலை வாங்கநா... போரேன்சேலை வாங்கி வாந்தா கட்டி விட தானேநா... வாரேன்தொட்டா ஏ தொட்டா நீ சேலை கட்டி விட்டாஎன் இடுப்புல நிக்காமலே போய்டுவிட்டா ஏ விட்டா நீ என்ன கொஞ்சம் விட்டாசோலையாக என்ன கட்டுவே...(Film-u கலர் )ஹேய் இனிமே அடடா இனிமே லவ் படதுலநமக்கு விசிலே வருமே ஹேய் ஹேய் ஹேய்
காதல்கொண்டேன், நா.முத்துகுமார்,யுவன் சங்கர் ராஜா,தொட்டு  தொட்டு  போகு,2012,ஹரீஸ் ராகவேந்திரா,தொட்டு  தொட்டு  போகும்  தென்றல்தேகம்  எங்கும்  வீசாதோவிட்டு  விட்டு  தூறும்  தூறல்வெள்ளமாக  மாறாதோஒரு  வெட்கம்   என்னை  இங்கு  தீண்டியதேஅவள்  பாக்கும்  பார்வை தான்  குளிர்கிறதேபோகும்  பாதை தான்  தெரிகிறதேமனம்  எங்கும்  மயங்கிடும்  பொழுதுவார்த்தையா  இது  மௌனமா வானவில்  வெறும்  சாயமாவண்ணமா  மனம்  மின்னுமா  தேடி  தேடி  துலைந்திடும்  பொழுதுதொட்டு  தொட்டு  போகும்  தென்றல்தேகம்  எங்கும்  வீசாதோவிட்டு  விட்டு  தூறும்  தூறல்வெள்ளமாக  மாறாதோதொட்டு  தொட்டு  போகும்  தென்றல்தேகம்  எங்கும்  வீசாதோவிட்டு  விட்டு  தூறும்  தூறல்வெள்ளமாக  மாறாதோஇந்த  கனவு  நிலைக்குமா தினம்  காண  கிடைக்குமாஉன்  உறவு  வந்ததால்  புது  உலகம் பிறக்குமாதோழி  உந்தன்  கரங்கள்  தீண்ட  தேவனாகி  போனேனேவேலி  போட்ட  இதயம்  மேலே  வெள்ளை  கொடியை  பார்தேனேதத்தி  தடவி  இங்கு  பார்கையிலேபாத  சுவடு  ஒன்று  தெரிகிறதேவானம்  ஒன்று தான்  பூமி  ஒன்று தான்வாழ்ந்து  பார்த்து  விழுந்திடலாமேதொட்டு  தொட்டு  போகும்  தென்றல்தேகம்  எங்கும்  வீசாதோவிட்டு  விட்டு  தூறும்  தூறல்வெள்ளமாக  மாறாதோவிண்ணும்  ஓடுதே  மண்ணும்  ஓடுதேகண்கள்  சிவந்து  தலை  சுற்றியதேஇதயம்  வலிக்குதே  இரவு  கொதிக்குதேஇது  ஒரு  சுகம்  என்று  புரிகிறதேநேற்று  பார்த்த  நிலவா  என்று  நெஞ்சம்  என்னை  கேட்கிறதேபூட்டி  வைத்த உணர்வுகள்  மேலே  புதிய  சிறகு  முளைகிறதேஇது  என்ன  உலகம்  என்று  தெரியவில்லைவிதிகள்  வரைமுறைகள்  புரியவில்லைஇதய  தேசத்தில்  இறங்கி  போகையில்இன்பம்  துன்பம்  எதுவும்  இல்லைதொட்டு  தொட்டு  போகும்  தென்றல்தேகம்  எங்கும்  வீசாதோவிட்டு  விட்டு  தூறும்  தூறல்வெள்ளமாக  மாறாதோஒரு  வெட்கம்   என்னை  இங்கு  தீண்டியதேஅவள்  பாக்கும்  பார்வை தான்  குளிர்கிறதேபோகும்  பாதை தான்  தெரிகிறதேமனம்  எங்கும்  மயங்கிடும்  பொழுதுவார்த்தையா  இது  மௌனமா வானவில்  வெறும்  சாயமாவண்ணமா  மனம்  மின்னுமா  தேடி  தேடி  துலைந்திடும்  பொழுது
கருத்தம்மா,வைரமுத்து,A.R.ரஹ்மான்,தென்மேற்குப் பருவக் ,2012,"உன்னிகிருஷ்ணன், சித்ரா",தென்மேற்குப் பருவக் காற்றுதேனிப்பக்கம் வீசும் ஒரு சாரல் இன்பச்சாரல்தெம்மாங்கு பாடிக்கொண்டு சிலுசிலுவென்றுசிந்துதம்மா தூறல் முத்துத்தூறல்வெங்காட்டு பக்கக்கள்ளி சட்டென்று மொட்டுவிடசெங்காட்டு சில்லிச்செடி சில்லென்று பூவெடுக்கதென்மேற்குப் பருவக் காற்றுதேனிப்பக்கம் வீசும் ஒரு சாரல் இன்பச்சாரல்தெம்மாங்கு பாடிக்கொண்டு சிலுசிலுவென்றுசிந்துதம்மா தூறல் முத்துத்தூறல்வெங்காட்டு பக்கக்கள்ளி சட்டென்று மொட்டுவிடசெங்காட்டு சில்லிச்செடி சில்லென்று பூவெடுக்கதென்மேற்குப் பருவக் காற்றுதேனிப்பக்கம் வீசும் ஒரு சாரல் இன்பச்சாரல்வானோடும் மண்ணோடும் இல்லாத வண்ணங்கள்பெண்ணோடும் கண்ணோடும் நான் காண்கிறேன்தாலாட்டில் இல்லாத சங்கீத ஸ்வரங்கள்பாராட்டும் உன் பாட்டில் நான் கேட்கிறேன்மழைத்துளி என்ன தவம்தான் செய்ததோமலர் கொண்ட மார்போடு தொட்டாடுதேமழைத்துளி தொட்ட இடம் நீ தீண்டவோநினைக்கையில் உள்ளூறக் கள்ளூறுதேதென்மேற்குப் பருவக் காற்றுதேனிப்பக்கம் வீசும் ஒரு சாரல் இன்பச்சாரல்தெம்மாங்கு பாடிக்கொண்டு சிலுசிலுவென்றுசிந்துதம்மா தூறல் முத்துத்தூறல்வெங்காட்டு பக்கக்கள்ளி சட்டென்று மொட்டுவிடசெங்காட்டு சில்லிச்செடி சில்லென்று பூவெடுக்கதென்மேற்குப் பருவக் காற்றுதேனிப்பக்கம் வீசும் ஒரு சாரல் இன்பச்சாரல்தெம்மாங்கு பாடிக்கொண்டு சிலுசிலுவென்றுசிந்துதம்மா தூறல் முத்துத்தூறல்நீயெறும் நானெறும் இரு வார்த்தை ஒன்றாகிநாம் என்ற ஓர் வார்த்தை உண்டானதேஆணென்றும் பெண்ணெறும் இரு வார்த்தை ஒன்றாகிஆள் என்ற ஓர் வார்த்தை உண்டானதேகாதல் என்னும் மந்திரத்தின் மாயமென்னகல்லும் முள்ளும் இப்போது பூவானதேவானவில்லின் துண்டொன்று மண்ணில் வந்துயாருக்கும் சொல்லாமல் பெண்ணானதேதென்மேற்குப் பருவக் காற்றுதேனிப்பக்கம் வீசும் ஒரு சாரல் இன்பச்சாரல்தெம்மாங்கு பாடிக்கொண்டு சிலுசிலுவென்றுசிந்துதம்மா தூறல் முத்துத்தூறல்வெங்காட்டு பக்கக்கள்ளி சட்டென்று மொட்டுவிடசெங்காட்டு சில்லிச்செடி சில்லென்று பூவெடுக்க
இதயம்,வாலி,இளையராஜா,இதயமே... இதயமே...உன்,2012,S.P பாலசுப்ரமணியம்,இதயமே... இதயமே...உன் மௌனம் என்னை கொல்லுதேஇதயமே... இதயமே...என் விரகம் என்னை வாட்டுதேநிலவில்லாத நீல வானம் போலவேஉயிரில்லாமல் எனது காதல் ஆனதேஇதயமே... இதயமே...உன் மௌனம் என்னை கொல்லுதேஇதயமே... இதயமே...பனியாக உருகி நதியாக மாறிஅலைவீசி விளையாடி இருந்தேன்தனியாக இருந்தும் உன் நினைவோடு வாழ்ந்துஉயிர் காதல் உறவாடி கலந்தே நின்றேன்இது எந்தன் வாழ்வில் நீ போட்ட கோலம்இது எந்தன் வாழ்வில் நீ போட்ட கோலம்கோலம் கலந்ததே புது சோகம் பிறந்ததேநீயில்லாத வாழ்வு இங்கு காணல்தான்இதயமே... இதயமே...உன் மௌனம் என்னை கொல்லுதேஇதயமே... இதயமே...என் ஜீவ ராகம் கலந்தாடும் காற்றுஉன் மீது படவில்லை துடித்தேன்அரங்கேரும் பாடல் உலகெங்கும் கேட்டும்உன் நெஞ்சை தொடவில்லை ஏன் சொல்லம்மாஇசைக்கின்ற கலைஞன் நானாகி போனேன்இசைக்கின்ற கலைஞன் நானாகி போனேன்ஜீவன் நீயம்மா என் பாடல் நீயம்மாநீயில்லாத வாழ்வு இங்கு காணல்தான்இதயமே... இதயமே...உன் மௌனம் என்னை கொல்லுதேஇதயமே... இதயமே...
யூத்,வைரமுத்து,மணி சர்மா,சர்க்கரை நிலவே பெண் ,2012,ஹரீஸ்ராகவேந்திரா,சர்க்கரை நிலவே பெண் நிலவேகாணும் போதே கரைந்தாயேநிம்மதி இல்லை ஏன் இல்லை நீ இல்லையேசர்க்கரை நிலவே பெண் நிலவேகாணும் போதே கரைந்தாயேமனம் பச்சை தண்ணீ தான் பெண்ணேஅதை பற்ற வைத்தது உன் கண்ணேஎன் வாழ்கை என்னும் காட்டை எரித்துகுளிர் காய்ந்தாய் கொடுமை பெண்ணேகவிதை பாடின கண்கள்காதல் பேசின கைகள்கடைசியில் எல்லாம் பொய்கள்என் பிஞ்சு நெஞ்சு தாங்குமா?சர்க்கரை நிலவே பெண் நிலவேகாணும் போதே கரைந்தாயேநிம்மதி இல்லை ஏன் இல்லை நீ இல்லையேகாதல் என்ற ஒன்று அது கடவுள் போலஉணர தானே முடியும் அதில் உருவம் இல்லைகாயம் கண்ட இதயம் ஒரு குழந்தை போலவாயை மூடி அழுமே சொல்ல வார்த்தை இல்லைஅன்பே உன் புன்னகை எல்லாம் அடி நெஞ்சில் சேமிதேன்கண்ணே உன் பொன்னகை எல்லாம் கண்ணீராய் உருகியதேவெள்ளை சிரிப்புகள் உன் தவறா?அதில் கொள்ளை போனது என் தவறா?பிரிந்து சென்றது உன் தவறா?நான் புரிந்து கொண்டது என் தவறா?ஆண் கண்ணீர் பருகும் பெண்ணின் இதயம்சதையல்ல கல்லின் சுவரா?கவிதை பாடின கண்கள்காதல் பேசின கைகள்கடைசியில் எல்லாம் பொய்கள்என் பிஞ்சு நெஞ்சு தாங்குமா ?நவம்பர் மாத மழையில் நான் நனைவேன் என்றேன்எனக்கும் கூட நனைதல் மிக பிடிக்கும் என்றாய்மொட்டை மாடி நிலவில் நான் குளிப்பேன் என்றேன்எனக்கும் அந்த குளியல் மிக பிடிக்கும் என்றாய்சுகமான குரல் யார் என்றால் சுசீலாவின் குரல் என்றேன்எனக்கும் அந்த குரலில் ஏதோ மயக்கம் என நீ சொன்னாய்கண்கள் மூடிய புத்தர் சிலைஎன் கனவில் வருவது பிடிக்கும் என்றேன்தயக்கம் என்பதே சிறிதும் இன்றிஅது எனக்கும் எனக்கும் தான் பிடிக்கும் என்றாய்அடி உனக்கும் உனக்கும் எல்லாம் பிடிக்கஎன்னை ஏன் பிடிக்காது என்றாய் ?
ஆட்டோகிராப்,சேரன்,பரத்வாஜ்,நினைவுகள் நெஞ்சினில்,2012,உன்னிமேனன்,நினைவுகள் நெஞ்சினில் புதைந்ததினால்நெருப்பால் எந்தன் நெஞ்சை சுடுகின்றேன்உன் உருவம் கண்களிலே பதிந்ததினால்கண்ணீர் விட்டு கண்ணீர் விட்டு அழிக்கின்றேன்தாய் தந்தைக்காக எனைப் பிரியகாதலை காகிதமாய் தூக்கி எறியபெண்ணே உன்னால் முடிகிறதேஎன்னால் ஏனோ முடியவில்லைஎனக்கே எனக்கே என்னைப் பிடிக்கவில்லைகாரணம் கேட்டால் தெரியவில்லைநினைவுகள் நெஞ்சினில் புதைந்ததினால்நெருப்பால் எந்தன் நெஞ்சை சுடுகின்றேன்உன் உருவம் கண்களிலே பதிந்ததினால்கண்ணீர் விட்டு கண்ணீர் விட்டு அழிக்கின்றேன்காத்திருந்து காத்திருந்து பழகியவன்நீ என்னை கடக்கின்ற ஒரு நொடிக்காககாத்திருந்து காத்திருந்து பழகியவன்கஷ்டப்பட்டு கஷ்டப்பட்டு பேசியவன்நீ என்னை காதலிக்க உன் தாய்மொழியைகஷ்டப்பட்டு கஷ்டப்பட்டு பேசியவன்நொடிகள் எல்லாம் நோய்பட்டுஎனை சுமந்து போக மறுக்கிறதேமொழிகள் எல்லாம் முடமாகிஎன் மெளனத்தைக் கூட எரிக்கிறதேசுவாசிக்க கூட முடியவில்லைஎனை வாசிக்க மண்ணில் எவருமில்லைஎன்னை எனக்கே பிடிக்கவில்லைகாரணம் கேட்டால் தெரியவில்லைநினைவுகள் நெஞ்சினில் புதைந்ததினால்நெருப்பால் எந்தன் நெஞ்சை சுடுகின்றேன்உன் உருவம் கண்களிலே பதிந்ததினால்கண்ணீர் விட்டு கண்ணீர் விட்டு அழிக்கின்றேன்தாய் தந்தைக்காக எனைப் பிரியகாதலை காகிதமாய் தூக்கி எறியபெண்ணே உன்னால் முடிகிறதேஎன்னால் ஏனோ முடியவில்லைஎனக்கே எனக்கே என்னைப் பிடிக்கவில்லைகாரணம் கேட்டால் தெரியவில்லை
பையா,None,யுவன்ஷங்கர் ராஜா,பார்த்தால் பார்க்க த,2012,None,"பார்த்தால் பார்க்க தோன்றும்பேரை கேட்க தோன்றும்,பூபோல் சிரிக்கும்போது காற்றாய் பறந்திட தோன்றும்....செல் செல் அவளுடன் செல் என்றே கால்கள் சொல்லுதடா...சொல் சொல் அவளிடம் சொல் என்றே நெஞ்சம் கொல்லுதடா...அழகாய் மனதை பறித்து விட்டாளே.......துளி துளி துளி மழையாய் வந்தாளே...சுட சுட சுட மறைந்தே போனாளே...தேவதை அவள் ஒரு தேவதைஅழகிய பூமுகம் காணவே ஆயுள்தான் போதுமோ!காற்றிலே அவளது வாசனைஅவளிடம் யோசனை கேட்டுத்தான் பூக்களும் பூக்குமோ!நெற்றிமேலே ஒற்றை முடி ஆடும்போது நெஞ்சுக்குள்ளே மின்னல் பூக்கும், பார்வை ஆளை தூக்கும்...கன்னம் பார்த்தால் முத்தங்களால் தீண்ட தோன்றும்...பாதம் ரெண்டும் பார்க்கும்போது கொலுசாய் மாறதோன்றும்...அழகாய் மனதை பறித்து விட்டாளே....செல் செல் அவளுடன் செல் என்றே கால்கள் சொல்லுதடா...சொல் சொல் அவளிடம் சொல் என்றே நெஞ்சம் கொல்லுதடா...சாலையில் அழகிய மாலையில் அவளுடன் போகவே ஏங்குவேன்தோள்களில் சாய்வேன்..பூமியில் விழுகிற வேளையில் நிழலையும் ஓடிபோய் ஏந்துவேன்,நெஞ்சிலே தாங்குவேன்,காணும்போதே கண்ணால் என்னை கட்டிபோட்டாள்,காயமின்றி வெட்டி போட்டாள்..உயிரை ஏதோ செய்தாள்...மௌனமாக உள்ளுக்குள்ளே பேசும்போதும் அங்கே வந்து ஒட்டு கேட்டாள்...கனவில் கூச்சல் போட்டாள்...அழகாய் மனதை பறித்து விட்டாளே...செல் செல் அவளுடன் செல் என்றே கால்கள் சொல்லுதடா...சொல் சொல் அவளிடம் சொல் என்றே நெஞ்சம் கொல்லுதடா...துளி துளி துளி மழையாய் வந்தாளே...சுட சுட சுட மறைந்தே போனாளே...துளி துளி துளி மழையாய் வந்தாளே...சுட சுட சுட மறைந்தே போனாளே...படம்: பையாபாடியவர்கள்: ராஹுல் நம்பியார், சைந்தவிஇசை: யுவன் ஷங்கர் ராஜாஅடடா மழைடா அட மழைடாஅழகா சிரிச்சா புயல் மழைடாஅடடா மழைடா அட மழைடாஅழகா சிரிச்சா புயல் மழைடாமாறி மாறி மழை அடிக்கமனசுக்குள்ள குடை பிடிக்ககால்கள் நாளாச்சு கைகள் எட்டாச்சுஎன்னாச்சு ஏதாச்சு, ஏதேதோ ஆயாச்சுமயில் தோகை போல இவ மழையில் ஆடும் போதுரயில் தாளம் போல என் மனசும் ஆடும் பாருஎன்னாச்சு ஏதாச்சு ஏதேதோ ஆயாச்சு(அடடா மழைடா..)பாட்டு பாட்டு பாடாத பாட்டுமழைதான் பாடுது கேட்காத பாட்டுஉன்னை என்னை சேர்த்து வச்ச மழைக்கொரு சலாம் போடுஎன்னை கொஞ்சம் காணலயே உனக்குள்ள தேடிப் பாருமந்திரம் போல இருக்கு புது தந்திரம் போல இருக்குபம்பரம் போல எனக்கு தலை மத்தியில் சுத்துது கிறுக்குதேவதை எங்கே என் தேவதை எங்கேஅது சந்தோஷமா ஆடுது இங்கேஉன்னைப் போல வேற யாரும் இல்லஎன்னை விட்டா வேற யாரு சொல்லசின்ன சின்ன கண்ணு ரெண்டை கொடுத்தென்னை அனுப்பிவைச்சான்இந்த கண்ணு போதலையே எதுக்கு இவள படைச்சுவைச்சான்பட்டாம்பூச்சி பொண்ணு நெஞ்சு படபடக்கும் நின்னுபூவும் இவளும் ஒன்னு என்னை கொன்னு புட்டா கொன்னுபோவது எங்கே நான் போவது எங்கேமனம் தள்ளாடுதே போதையில் இங்கே ..(அடடா மழைடா..)பின்னி பின்னி மழை அடிக்கமின்னல் வந்து குடை பிடிக்கவானம் ரெண்டாச்சு பூமி துண்டாச்சுஎன் மூச்சு காத்தால மழை கூட சூடாச்சுஇடியை நீட்டி யாரும் இந்த மழையை தடுக்க வேண்டாம்மழையை பூட்டி யாரும் என் மனசை அடைக்க வேண்டாம்கொண்டாடு கொண்டாடு கூத்தாடி கொண்டாடுபடம்: பையாபாடியவர்கள்: யுவன் ஷங்கர் ராஜா, தான்விஇசை: யுவன் ஷங்கர் ராஜாஎன் காதல் சொல்ல நேரம் இல்லைஉன் காதல் சொல்ல தேவை இல்லைநம் காதல் சொல்ல வார்த்தை இல்லைஉன்னை மறைத்தாலும் மறையாதடிஉன் கையில் பேரை ஏந்தவில்லைஉன் தோளில் சாய ஆசை இல்லைநீ போன பின்பு சோகம் இல்லைஎன்று பொய் சொல்ல தெரியாதடிஉன் அழகாலே உன் அழகாலேஎன் வெயில் காலம் அது மழை காலம்உன் கனவாலே உன் கனவாலேமனம் அலைபாயும் மெல்ல குடை சாயும்(என் காதல் ..)காற்றோடு கை வீசி நீ பேசினால்அந்த நெஞ்சோடு புயல் வீசுதேவயதோடும் மனதோடும் சொல்லாமலேசில எண்ணங்கள் வலை வீசுதேகாதல் வந்தாலே கண்ணோடு தான்கள்ளத்தனம் வந்து குடி ஏறுமோகொஞ்சம் நடித்தேனடி கொஞ்சம் துடித்தேனடிஇந்த விளையாட்டை ரசித்தேனடிஉன் விழியாலே உன் விழியாலேஎன் வழி மாறும் கண் தடுமாறும்அடி இது ஏதோ புது ஏக்கம்இது வலித்தாலும் நெஞ்சம் அதை ஏற்கும்ஒரு வார்த்தை பேசாமல் எனை பாரடிஉந்தன் நிமிடங்கள் நீளட்டுமேவேறேதும் நினைக்காமல் விழி மூடடிஎந்தன் நெருக்கங்கள் தொடரட்டுமேயாரும் பார்க்காமல் என்னை பார்க்கிறேன்என்னை அறியாமல் உன்னை பார்க்கிறேன்சிறு பிள்ளையென எந்தன் இமைகள் அதுஉன்னை கண்டாலே குதிக்கின்றதேஎன் அதிகாலை என் அதிகாலைஉன் முகம் பார்த்து தினம் எழ வேண்டும்என் அந்தி மாலை என் அந்தி மாலைஉன் மடி சாய்ந்து தினம் விழ வேண்டும்(என் காதல் ..)படம்: பையாபாடியவர்: பென்னி தயால்இசை: யுவன் ஷங்கர் ராஜாபூங்காற்றே பூங்காற்றே பூப்போல வந்தாள் இவள்போகின்ற வழியெல்லாம் சந்தோஷம் தந்தாள் இவள்என் நெஞ்சோடு பேசும் இந்தப் பெண்ணோடப் பாசம்இவள் கண்ணோடுப் பூக்கும் பல விண்மீன்கள் பேசும்என் காதல் சொல்ல ஒரு வார்த்தை இல்லைஎன் கண்ணுக்குள்ளே இனி கனவே இல்லைபூங்காற்றே பூங்காற்றே பூப்போல வந்தாள் இவள்போகின்ற வழியெல்லாம் சந்தோஷம் தந்தாள் இவள்மஞ்சள் வானம் கொஞ்சம் மேகம்கொஞ்சிப் பேசும் காற்று தொட்டுச் செல்லுதேநிறுத்தாமல் சிரிக்கின்றேன்இந்த நிமிடங்கள் புன்னகையை பூட்டிக்கொண்டதேகண்ணாடி சரி செய்து பின்னாடிஉன் கண்ணைப் பார்க்கின்றேன் பார்க்கின்றேன்பெண்ணே நான் உன் முன்னே ஒரு வார்த்தைப் பேசாமல்தோற்கின்றேன் தோற்கின்றேன்வழிப்போக்கன் போனாலும் வழியில் காலடித்தடயம் இருக்கும்வாழ்க்கையிலே இந்த நொடி வாசனையோடு நினைவிருக்கும்பூங்காற்றே பூங்காற்றே பூப்போல வந்தாள் இவள்போகின்ற வழியெல்லாம் சந்தோஷம் தந்தாள் இவள்அழகான நதிப்பார்த்தால் அதன் பெயரினைக் கேட்க மனம் துடிக்கும்இவள் யாரோ என்னப் பேரோ நானே அறிந்திடும் வரையில் ஒரு மயக்கம்ஏதேதோ ஊர்த் தாண்டி ஏராளம் பேர்த்தாண்டிபோகின்றேன் போகின்றேன்நில்லென்று சொல்கின்ற செடுஞ்சாலை விளக்காகஅணைகின்றேன் எரிகின்றேன்மொழித்தெரியா பாடலிலும் அர்த்தங்கள் இன்று புரிகிறதேவழித்துணையாய் நீ வந்தாய்போகும் தூரம் குறைகிறதேஎன் நெஞ்சோடு பேசும் இந்தப் பெண்ணோடப் பாசம்இவள் கண்ணோடுப் பூக்கும் பல விண்மீன்கள் பேசும்என் காதல் சொல்ல ஒரு வார்த்தை இல்லைஎன் கண்ணுக்குள்ளே இனி கனவே இல்லைபூங்காற்றே பூங்காற்றே பூப்போல வந்தாள் இவள்போகின்ற வழியெல்லாம் சந்தோஷம் தந்தாள் இவள்படம்: பையாபாடியவர்: கார்த்திக், சுனிதா சாரதிஇசை: யுவன் ஷங்கர் ராஜாசுத்துதே சுத்துதே பூமிஇது போதுமடா போதுமடா சாமிசுத்துதே சுத்துதே பூமிஇது போதுமடா போதுமடா சாமிஹே சுத்துதே சுத்துதே பூமிஇது போதுமடா போதுமடா சாமிரா ரா ரா ராதே ராதே ராதே அழகிய ராதேபார்வையில் பேசி பேசி பேசி பழகிய ராதேஎதனாலே இந்த மாற்றம்மனசுக்குள் ஏதோ மாயத் தோற்றம்எதனாலே இந்த ஆட்டம்இதயத்தில் நின்று ஊஞ்சல் ஆட்டம்சுத்துதே சுத்துதே பூமிஇது போதுமடா போதுமடா சாமிசிரித்து சிரித்து தான் பேசும் போதிலேவலைகளை நீ விரித்தாய்சைவம் என்றுதான் சொல்லிக்கொண்டுநீ கொலைகளை ஏன் செய்கிறாய்அங்கும் இங்கும் என்னை விரட்டும் பறவையேஎன்ன சொல்ல உந்தன் விரட்டும் அழகையேவெட்ட வெளி நடுவே அடக்கொட்டக் கொட்டவிழித்தே துடிக்கிறேன்சுத்துதே சுத்துதே பூமிஇது போதுமடா போதுமடா சாமிசுத்துதே சுத்துதே பூமிஇது போதுமடா போதுமடா சாமிஇதயம் உருகித்தான் கரைந்துப்போவதைப் பார்க்கிறேன்நான் பார்க்கிறேன்இந்த நிமிடம்தான் இன்னும் தொடருமா கேட்கிறேன்உனை கேட்கிறேன்இது என்ன இன்று வசந்த காலமாஇடைவெளி இன்னும் குறைந்துப்போகுமாஇப்படி ஓர் இரவுஅட இங்கு வந்த நினைவும் மறக்குமாசுத்துதே சுத்துதே பூமிஇது போதுமடா போதுமடா சாமிஹே சுத்துதே சுத்துதே பூமிஇது போதுமடா போதுமடா சாமிரா ரா ரா ராதே ராதே ராதே அழகிய ராதேபார்வையில் பேசி பேசி பேசி பழகிய ராதேஉன் அழகை விண்ணில் நிறுத்து எட்டி எட்டி நிலவு பார்த்து ரசிக்கும்உன் கொலுசில் வந்து வசிக்க குட்டி நட்சத்திரங்கள் மண்ணில் புதைக்கும்"
ஆடுகளம், V. I. S. ஜெயபாலன்,G.V. பிரகாஷ்,என் வெண்ணிலவே எரிக்க,2012,கே கே,என் வெண்ணிலவே எரிக்காதேஎன் கனவுகளை சிதைக்காதேஉன்னில் படர்ந்த என்னுயிரைமண்ணில் ஏனோ... வீசிவிட்டாய்...மண்ணில் ஏனோ... வீசிவிட்டாய்...என் வெண்ணிலவே எரிக்காதேஎன் கனவுகளை சிதைக்காதேபனியில் இலையற்ற தனிமரம் நான்பாலையில் துடித்திடும் சிறுப்புழு நான்காதல் தேவதைப் போல் வந்துகளப்பலிக்கேட்பதேன் மோகினியேநீ ஏன் எரித்தாய் மீனாட்சிஉன் நிழலில் வாழும் மதுரையடி!மழையாய் தர வா நீமண்ணில் ஏனோ... வீசிவிட்டாய்...கள்ளிப் பாலை ஊற்றிவிட்டுவெள்ளி நிலவாய்ப் போனவளேஎன்னில் வளர்த்த பொற்சிறகைஒடிந்திட நடந்திடும் கொடும் புயலேஅழகரைத் தொட்டதால் வைகை நதிஅலை கடல் சேரா மதுரையடிஎன் விடிவா முடிவா நீ!மண்ணில் ஏனோ... வீசிவிட்டாய்...என் வெண்ணிலவே எரிக்காதேஎன் கனவுகளை சிதைக்காதேஉன்னில் படர்ந்த என்னுயிரைமண்ணில் ஏதோ... வீசிவிட்டாய்...மண்ணில் ஏனோ... வீசிவிட்டாய்...
இரண்டாம் உலகம்,வைரமுத்து,ஹாரிஸ்ஜெயராஜ்,கடை விழியால் என்னை த,2012,கார்த்திக்,கடை விழியால் என்னை தின்று போகிறாய்கனிமொழியே என்னை கொன்று போகிறாய்கடை விழியால் என்னை தின்று போகிறாய்இதயம் உடைத்து என்னை வாழ சொல்கிறாய்இமைகள் பரித்து என்னை தூங்க சொல்கிறாய்ஒரு பாதிக் கண்ணில் காதல் செய்கிறாய்மறு பாதிக் கண்ணில் ஊடல் செய்கிறாயநான் எட்டு திக்கும் அழைகிறேன்நீ இல்லை என்று போவதாஅடி பற்றி எரியும் காட்டில்நான் பட்டாம்பூச்சி ஆவதா( நான் எட்டு)உந்தன் கன்னத்தோடு எந்தன் கன்னம் வைத்தால்நானும் மண்ணில் கொஞ்சம் வாழ்ந்திருப்போன்அடி உந்தன் கன்ன குழியில் என்னை புதைத்து வைத்தால்மண்ணில் மாண்ட பின்னும் வாழ்ந்திருப்பேன்ஒரு கள்ளப் பார்வை பார் அழகேசிரு காதல் போசும் கிளியேநான் தேடி திரியும் வாழ்வே நீ தானேதென்றலே வா முன்னே முத்தமா கேட்கிறேன்முருவல் தான் கேற்கிறேன்கனிமொழியே... ம்ம்ம்ம்ம்கடைவிழியே... ம்ம்ம்ம்ம்பறவை பார்க்கும் போதுஆகாயம் தொலைந்து போகும்பார்வை பறவை மீதே பதிந்திருக்கும்விழி உன்னை காணும் போதுஉலகம் தொலைந்து போகும்என் கண்கள் உந்தன் மீதே விழுந்திருக்கும்என்னை கட்டி போடும் காந்த சிமிரேஒரு பாட்டு பாடு காட்டுக் குயிலேஎன் காலை கனவின் ஈரம் நீதானாவாழலாம் வா பெண்ணே வலது கால் எட்டு வைவாழ்க்கையை தொட்டு வைகனிமொழியே என்னை கொன்று போகிறாய்கடை விழியால் என்னை தின்று போகிறாய்இதயம் உடைத்து என்னை வாழ சொல்கிறாய்இமைகள் பரித்து என்னை தூங்க சொல்கிறாய்ஒரு பாதிக் கண்ணில் காதல் செய்கிறாய்மறு பாதிக் கண்ணில் ஊடல் செய்கிறாய்நான் எட்டு திக்கும் அழைகிறேன்நீ இல்லை என்று போவதாஅடி பற்றி எரியும் காட்டில்நான் பட்டாம்பூச்சி ஆவதா
அம்பிகாபதி,வைரமுத்து,A. R.ரஹ்மான்,மூழ்கியதே... நீரோடுஅ,2012,நரேஷ் ஐயர்,மூழ்கியதே... நீரோடுஅந்த பறவை கரை வந்ததே...அதிசயமான தேவதையாக...அந்த கங்கை ஆற்றில் ஒரு வண்ண பறவைமூழ்கியதே நீரோடுஅது கரையில் வந்ததே கரையிலே வந்ததேகண்கள் கூசும் தேவதையாகஅவளா அவளா பாருஅவள் அமராவதியா கேளுஅம்பிகாபதி தான் நானுஅமராவதி தான் யாரோஅம்பிகாபதி தான் நானுஅமராவதி தான் யாரோஓ... அமராவதி தான் யாரோ(அந்த கங்கை)அடி எனக்கு எனக்கு என்று துடிக்கம் துடிக்கும் மனம்உனக்கு உனக்கு என்றதேதினம் தனக்கு தனக்கு என தவிக்கும் தவிக்கும் உள்ளம்நமக்கு நமக்கு என்று சொல்லுதேஎன்னை கவிஞ்சன் கவிஞ்சன் என்று கருதி கிடந்தஒரு கர்வம் அழிந்து விட்டதேஉன்னை கடக்கும் போழுது கண்ணில் அடிக்கும் அழகுஎன்னை கடையன் கடையன் என்று தல்லுதேகாசி நகர் வீதி பக்கம் வாடிகண்ணில் ஒன்றை பிச்சைப்போட்டு போடிஅவளா அவளா பாருஅவள் அமராவதியா கேளுஓ... அமராவதியா கேளுபல குளிகள் கடந்து வலி நடந்து நடந்து மனம்விழியில் விழுந்து விடுமேசிறு பூக்கள் தொடுவதர்க்கும் கத்தி உனக்கெதர்க்குஊசி ஒன்று போதுமேஉன்னை நினைத்து நினைத்து விழி நனைந்து நனைந்துஉடல் எலைத்து எலைத்து விட்டதேஉயிர் தெரிக்க தெரிக்க உன்னை துரத்தி துரத்திஎனை வருத்தி வருத்தி மூச்சு முட்டுதேமண்ணில் வந்தோமின்னோறு பாதி தேடிநீ தேடும் பாதி நான் பெண்ணே வாடிஅந்த கங்கை ஆற்றில் ஒரு வண்ண பறவைமூழ்கியததே நீரோடுஅது கரையில் வந்ததே கரையிலே வந்ததேகண்கள் கூசும் தேவதையாக(அவளா)அந்த கங்கை ஆற்றில் ஒரு வண்ண பறவைமூழ்கியதே நீரோடுஅது கரையில் வந்ததே கரையிலே வந்ததே
இரண்டாம் உலகம்,வைரமுத்து,ஹாரிஸ்ஜெயராஜ்,பல உயிர்கள் எரியும் ,2012, S. P.பாலசுப்பிரமணியம்,பல உயிர்கள் எரியும் உடல்கள் மாரியும்பயணப்படுவது காதல்காதல் சாதல்காதல் சாதல் ரெண்டும் ஒன்று என்ன விந்தையடிஅந்த சொர்கம் போக ரெண்டும் வேண்டும் கண்ணே உண்மையடிகாதல் சாதல் ரெண்டும் ஒன்று என்ன விந்தையடிஅந்த சொர்கம் போக ரெண்டும் வேண்டுமடிஎன் காதல் தீ... தீ வாசம் நீ...கண் பார்த்தோம் வா... கை சேர்ப்போம் வா...உடல்கள் இரண்டும் சேரும் முன்உல்லம் இரண்டும் சேருமேஉடலின் வலியே உயிரை தொடுவது காதலேஇதயம் இரண்டு்ம் தூரம் தான்இதல்கள் நான்கும் அருகில் தான்இதல்கள் வலியே இதயம் தொடுவது காதலேஊசி போதும் ரெண்டு கண்களில் உயிரை குடித்தவளே நீஉயரம் காட்டும் பூக்கள் இரண்டினில் உலகம் உடைப்பவள் நீகாதல் சாதல் ரெண்டும் ஒன்று என்ன விந்தையடிஅந்த சொர்கம் போக ரெண்டும் வேண்டும் கண்ணே உண்மையடிகாதல் சாதல் ரெண்டும் ஒன்று என்ன விந்தையடிஅந்த சொர்கம் போக ரெண்டும் வேண்டுமடிஉலகில் காதல் பழையதுஉற்ற பொழுதே புதியதுஎல்லா நிலத்தும் எல்லா பொழுதும் நிகழ்வதுஉலகின் நெறுப்பு காதலேஉயிரில் இருப்பு காதலேஉண்மை காதல் உலகைவிடவும் பெரியதுகுறிஞ்சி முல்லை மருதம் நெய்தலில் குளுங்கும் பூவிதுவேபாலை வெயிலிலும் காணல் வெளியிலும் படரும் நிழில்லிதுவேகண்டார் மயங்கும் வண்டார் மலரேநின்றோர் மொழி சொல்லடிஉன் பின்னே பிறந்து முன்னே வளர்ந்துஎன்ன செழுமையடிபின்னே பிறந்து முன்னே வளர்ந்ததுஎன்ன செழுமையடிஅதை மெத்தம் எடுத்து சித்தம் துடிக்குதடிபெண் பாவாய் வா...கண் பாவாய் வா...செங்கோடாய் வா...
அம்பிகாபதி,வைரமுத்து,A.R.ரஹ்மான்,என் வாசல் திரப்பது உ,2012,"ஹரிஹரன்,ஹரிச்சரண்,பூஜா",என் வாசல் திரப்பது உன்னாலேஎன் வீதி நிரைவது உன்னாலேஎன் நிலவும் வெயிலும் மழையும் குளிரும்உன்னால்... பேரன்பேஉன்னால்... பேரன்பேகங்கையில் ஆடிய பறவைகள் எல்லாம்கன்மணி பாசம் பேசும்காசியில் வீசிய வாசனை எல்லாம்காதலி உன் குழல் வாசம்என் வானத்தில் விளைகின்ற நீலம் உன்னால்என் மௌனத்தில் குலைகிற வார்தை உன்னால்என் முகத்தினில் முழைக்கிற முடியும் உன்னால்என்னை உச்சத்துக்கு கொண்டு செல்ல முடியும் உன்னால்நான் முடிக்கின்ற எடத்திலும் தொடக்கம் உன்னால்ஆஆஆ... ஆ...நெஞ்சுக்குள்ளே கதி வீசி போகிறாய்கண்ணா.../// பேரன்பேதீ போலே ஏன் இங்கு சந்தித்தோம் தோம்சொல்லின்றி மொனம் கொண்டோம் துன்பம் கண்டோம்யேன் காதல் சிந்தித்தோம் தோம்யேன் வந்தாய் நீயாகபஞ்சோடு தீயாகஉன்னால் நான் பாடும் பாடல் உன்னால்நான் பருகும் நீரும் உன்னாலும்என் நாளும் கோரும் உன்னால்என் நன்மை தீமை உன்னால்என் கண்ணில் கண்ணீர் உன்னால்அதில் காயம் புன்னகை உன்னால்என் உரிமை குரலும் உன்னால்என் உயிரும் உன்னால்கண்மணி... ஓ... கண்மணி...நீ அமுத மழையா அமில மழையாரெண்டும் ஒன்றாய் வந்தாயாஎனது வலி அரியா உனது இதயம் கொடுஹேய்... வளர்பிறை அழகினை ஒரு முறை தொட விடுஎன் பெயர் சொல்லும் பேரன்பே வா...உள் அன்பு மரைக்க முடியாது உன் போன்ற பெண்ணால்உன் பார்வை அருள் செய்ய வேண்டும் ஒலி ஊரும் கண்ணால்என் காதல் வேண்டாம் என்று ஓர் வார்த்தை சொன்னால்ஏழ் வண்ணம் வானவில் கூட நிறம் மாரும் தன்னால்உன்னால்.../// என் ஜென்மம்உன்னால்.../// என் ஜென்மம்கங்கையில் ஆடிய பறவைகள் எல்லாம்கன்மணி பாசம் பேசும்காசியில் வீசிய வாசனை எல்லாம்காதலி உன் குழல் வாசம்(என் வானத்தில்)கண்மணி... உன்னால் கண்மணி...நான் தனிமையில் சிரிப்பது உன்னால்சில அபைகளில் அழுவது உன்னால்நான் பந்தியில் அமருவது உன்னால்சிறு பட்டினி கொல்வதும் உன்னால்என் சந்திரன் வருவதும் உன்னால்என் ஜனனமும் மரணமும் உன்னால்என் உயிர் என் வசம் நிற்பதும் நிற்பதும்என் உடல் என் உயிர் கேற்பதும் கேற்பதும்என் வழி நல் வழி பார்ப்பதும் பார்ப்பதும்என் மனம் நல்லென்னம் காப்பதும் காப்பதும்அது உன்னால்... அது உன்னால்... அது உன்னால்...
திரைப்பீமா,நா.முத்துக்குமார்,இசை:ஹாரிஸ் ஜெயராஜ்,முதல் மழை எனை நனைத்த,2012,"ஹரிஹரன் , மஹதி, பிரசன்னா",முதல் மழை எனை நனைத்ததேமுதல் முறை ஜன்னல் திறந்ததேபெயரே தெரியாத பறவை அழைத்ததேமனமும் பறந்ததேஇதயமும் ஹோய் இதமாய் மிதந்ததேம்ம்ம்...முதல் மழை நம்மை நனைத்ததேமூடி வைத்த ஜன்னல் திறந்ததேபெயரே தெரியாத பறவை அழைத்ததேமனமும் பறந்ததேஇதயமும் ம்ம் இதமாய் மிதந்ததேகனவோடு தான் அடி நீ தோன்றினாய்கண்களால் உன்னைப் படம் எடுத்தேன்என் வாசலில் நேற்று உன் வாசனைநீ நின்ற இடம்நின்று உணர்ந்தேன்எதுவும் புரியாப் புது கவிதைஅர்த்தம் மொத்தம் இன்று அறிந்தேன்கையை மீறும் ஒரு குடையாய்காற்றோடு தான் நானும் பறந்தேன்மழைக் காற்றோடு தான் நானும் பறந்தேன்முதல் மழை எனை நனைத்ததே ல ல லலாமுதன் முறை ஜன்னல் திறந்ததே ல ல லலாபெயரே தெரியாத பறவை அழைத்ததே மனமும் பறந்ததேஇதயமும் ஹோய் இதமாய் மிதந்ததேஓர் நாள் உன்னை நானும் காணா விட்டால்என் வாழ்வில் அந்த நாளே இல்லைஓ ஓ ஓர் நாள் உன்னை நானும் பார்த்தே விட்டால்அந்நாளின் நீளம் போதவில்லைஇரவும் பகலும் ஒரு மயக்கம்நீங்காமலே நெஞ்சில் இருக்கும்உயிரின் உள்ளே உந்தன் நெருக்கம்இறந்தாலுமே என்றும் இருக்கும்நான் இறந்தாலுமே என்றும் இருக்கும்பெயரே தெரியாத பறவை அழைத்ததேஇதயமும் ஹோய் இதமாய் மிதந்ததே
மயக்கம் என்ன,தனுஷ்,"G.V. பிரகாஷ்,",பிறை தேடும் இரவிலே உயிரே,2012,G.V. பிரகாஷ்,"பிறை தேடும் இரவிலே உயிரேஎtதைத் தேடி அலைகிறாய்கதை சொல்ல அழைக்கிறேன் உயிரேஅன்பே நீ வா(பிறை)இருளில் கண்ணீரும் எதற்கு..மடியில் கண்மூட வா..அழகே இந்த சோகம் எதற்கு..நான் உன் தாயும் அல்லவா..உனக்கென மட்டும் வாழும் இதயமடிஉயிருள்ள வரை நான் உன் அடிமையடி(பிறை)அழுதால் உன் பார்வையும்அயர்ந்தால் உன் கால்களும்அதிகாலையின் கூடலில் சோகம் தீர்க்கும் போதுமாநிழல் தேடிடும் ஆண்மையும்நிஜம் தேடிடும் பெண்மையும்ஒரு போர்வையில் வாழும் இன்பம்தெய்வம் தந்த சொந்தமாஎன் ஆயுள் ரேகை நீயடி என் ஆணிவேரடிசுமை தாங்கும் எந்தன் கண்மணிஎனை சுடும் பனி..உனக்கென மட்டும் வாழும் இதயமடிஉயிருள்ள வரை நான் உன் அடிமையடி(பிறை)விழியின் அந்த தேடலும்அலையும் உந்தன் நெஞ்சமும்புரிந்தாலே போதுமே ஏழு ஜென்மம் தாங்குவேன்அனல் மேலே வாழ்கிறாய்நதி போலே பாய்கிறாய்ஒரு காரணம் இல்லையே மீசை வைத்த பிள்ளையேஇதைக் காதல் என்று சொல்வதா?நிழல் காய்ந்து கொள்வதாதினம் கொல்லும் இந்த பூமியில்,நீ வரம் தரும் இதம்."
None,யுகபாரதி,இமான்,ஊரான ஊருக்குள்ள உன்ன போல யாரும் இல்ல,2012,சந்தோஷ் ஹரிஹரன்,ஊரான ஊருக்குள்ள உன்ன போல யாரும் இல்லஆனா நீ என்ன மட்டும் சேரவே இல்லகொஞ்ச நேரங்கூட ஒத்தாசையா வாழவே இல்லகொஞ்ச நேரங்கூட ஒத்தாசையா வாழவே இல்லஊரான ஊருக்குள்ள உன்னப்போல யாரும் இல்லஆனா நீ என்ன மட்டும் தீண்டவே இல்லஉன்ன உத்து பாத்த கண்னு ரெண்டும் தூங்கவே இல்லஉன்ன உத்து பாத்த கண்னு ரெண்டும் தூங்கவே இல்லaகாணாம காண வைச்ச கண்ணுக்குள்ள தீய வைச்சஆனா நீ என்ன மட்டும் பாக்கவே இல்லகொஞ்சி நாலு வார்த்த நல்லா பேசி கேக்கவே இல்லகொஞ்சி நாலு வார்த்த நல்லா பேசி கேக்கவே இல்லபேசாம பேச வச்ச பிரியத்தோட கண்ணடிச்சபேசாம பேச வச்ச பிரியத்தோட கண்ணடிச்சஆனா நீ என்ன மட்டும் பேசவே இல்லமஞ்ச தாலி வாங்கி கூட சேரும் ஆசையே இல்லமஞ்ச தாலி வாங்கி கூட சேரும் ஆசையே இல்லஊரான ஊருக்குள்ள உன்ன போல யாரும் இல்லஆனா நீ என்ன மட்டும் சேரவே இல்லகொஞ்ச நேரங்கூட ஒத்தாசையா வாழவே இல்லகூவாம கூவ வச்ச கொண்டயில பூவ வச்சஆனா நீ என்ன மட்டும் கூடவே இல்லஅய்யோ தொலஞ்சு போன ஆள நீயும் தேடவே இல்லஅய்யோ தொலஞ்சு போன ஆள நீயும் தேடவே இல்லமூடாம மூடி வச்ச முந்தானையில் சேதி வச்சமூடாம மூடி வச்ச முந்தானையில் சேதி வச்சஆனா நீ என்ன மட்டும் மூடவே இல்லகள்ளி காதலோட நான் இருக்கேன் மாறவே இல்லகள்ளி காதலோட நான் இருக்கேன் மாறவே இல்லஊரான ஊருக்குள்ள உன்ன போல யாரும் இல்லஆனா நீ என்ன மட்டும் சேரவே இல்லதானாக உன்ன வந்து சேரவா புள்ளகொஞ்ச நேரங்கூட ஒத்தாசையா வாழவே இல்லகொஞ்ச நேரங்கூட ஒத்தாசையா வாழவே இல்லஉன்ன உத்து பாத்த கண்னு ரெண்டும் தூங்கவே இல்லஉன்ன உத்து பாத்த கண்னு ரெண்டும் தூங்கவே இல்லகொஞ்சம் நோகாம கண்ண மூடி தூங்கு மாப்புள்ள
ஆடுகளம்,V. I. S. ஜெயபாலன்,G.V. பிரகாஷ்,என் வெண்ணிலவே எரிக்காதே,2012,கே கே,என் வெண்ணிலவே எரிக்காதேஎன் கனவுகளை சிதைக்காதேஉன்னில் படர்ந்த என்னுயிரைமண்ணில் ஏனோ... வீசிவிட்டாய்...மண்ணில் ஏனோ... வீசிவிட்டாய்...என் வெண்ணிலவே எரிக்காதேஎன் கனவுகளை சிதைக்காதேபனியில் இலையற்ற தனிமரம் நான்பாலையில் துடித்திடும் சிறுப்புழு நான்காதல் தேவதைப் போல் வந்துகளப்பலிக்கேட்பதேன் மோகினியேநீ ஏன் எரித்தாய் மீனாட்சிஉன் நிழலில் வாழும் மதுரையடி!மழையாய் தர வா நீமண்ணில் ஏனோ... வீசிவிட்டாய்...கள்ளிப் பாலை ஊற்றிவிட்டுவெள்ளி நிலவாய்ப் போனவளேஎன்னில் வளர்த்த பொற்சிறகைஒடிந்திட நடந்திடும் கொடும் புயலேஅழகரைத் தொட்டதால் வைகை நதிஅலை கடல் சேரா மதுரையடிஎன் விடிவா முடிவா நீ!மண்ணில் ஏனோ... வீசிவிட்டாய்...என் வெண்ணிலவே எரிக்காதேஎன் கனவுகளை சிதைக்காதேஉன்னில் படர்ந்த என்னுயிரைமண்ணில் ஏதோ... வீசிவிட்டாய்...மண்ணில் ஏனோ... வீசிவிட்டாய்...
None,None, விஜய் ஆண்டனி,அழகாய் பூக்குதே,2012,"பிரசன்னா, ஜானகி ஐயர்",சுகமாய் தாக்குதேஅடடா காதலில் சொல்லாமல் கொல்லாமல்உள்ளங்கள் பந்தாடுதே(அழகாய்..)ஆசையாய் பேசிட வார்த்தை மோதும்அருகிலே பார்த்ததும் மௌனம் பேசும்காதலன் கை சிறை காணும் நேரம்காதலன் கை சிறை காணும் நேரம்மீண்டும் ஒரே கருவரை கண்ட நாளைகண்ணில் ஈரம்(அழகாய்..)கடவுளின் கனவில்இருவரும் இருப்போமே ஓஹோகவிதையின் வடிவில்வாழ்ந்திட நினைப்போமே ஓஹோஹோஇருவரும் நடந்தால்ஒரு நிழல் பார்ப்போமே ஓஹோஹோஒரு நிழல் அதிலேஇருவரும் தெரிவோமே ஓஹோஹோசில நேரம் சிரிக்கிறேன்சில நேரம் அழுகிறேன் உன்னாலே(அழகாய்..)ஒரு முறை நினைத்தேன்உயிர் வரை இனித்தாயே ஓஹோமறுமுறை நினைத்தேன்மனதினை வதைத்தாயே ஓஹோஹோசிறு துளி விழுந்துநிறை குடம் ஆனாயே ஓஹோஹோஅறை கணம் பிரிவில்வரைவிட செய்தாயே ஓஹோஹோநீ இல்லா நொடி முதல்உயிர் எல்லாம் ஜடத்தை போல் ஆவேனே(அழகாய்..)